{
  "Ansi 7 Color (Light)" : {
    "Red Component" : 0.34901960784313724,
    "Color Space" : "P3",
    "Blue Component" : 0.34901960784313724,
    "Alpha Component" : 1,
    "Green Component" : 0.34901960784313724
  },
  "Brighten Bold Text (Light)" : true,
  "Ansi 15 Color (Light)" : {
    "Red Component" : 0.8784313725490196,
    "Color Space" : "P3",
    "Blue Component" : 0.8784313725490196,
    "Alpha Component" : 1,
    "Green Component" : 0.8784313725490196
  },
  "Ansi 2 Color (Light)" : {
    "Red Component" : 0.16470588235294117,
    "Color Space" : "P3",
    "Blue Component" : 0.27058823529411763,
    "Alpha Component" : 1,
    "Green Component" : 0.31372549019607843
  },
  "Bold Color" : {
    "Red Component" : 0.062745101749896975,
    "Color Space" : "sRGB",
    "Blue Component" : 0.062745101749896975,
    "Alpha Component" : 1,
    "Green Component" : 0.062745101749896975
  },
  "Ansi 1 Color (Dark)" : {
    "Red Component" : 1,
    "Color Space" : "P3",
    "Blue Component" : 0.50196078431372548,
    "Alpha Component" : 1,
    "Green Component" : 0.58431372549019611
  },
  "Use Bright Bold" : true,
  "Ansi 9 Color (Light)" : {
    "Red Component" : 0.49803921568627452,
    "Color Space" : "P3",
    "Blue Component" : 0,
    "Alpha Component" : 1,
    "Green Component" : 0
  },
  "Ansi 8 Color (Dark)" : {
    "Red Component" : 0.32549019607843138,
    "Color Space" : "P3",
    "Blue Component" : 0.32549019607843138,
    "Alpha Component" : 1,
    "Green Component" : 0.32549019607843138
  },
  "Use Bright Bold (Dark)" : false,
  "Background Color" : {
    "Red Component" : 0.97999999999999998,
    "Color Space" : "sRGB",
    "Blue Component" : 0.97999999999999998,
    "Alpha Component" : 1,
    "Green Component" : 0.97999999999999998
  },
  "Ansi 8 Color" : {
    "Red Component" : 0.40781760215759277,
    "Color Space" : "sRGB",
    "Blue Component" : 0.4078223705291748,
    "Alpha Component" : 1,
    "Green Component" : 0.40782788395881653
  },
  "Columns" : 80,
  "Right Option Key Sends" : 0,
  "Ansi 4 Color (Light)" : {
    "Red Component" : 0,
    "Color Space" : "P3",
    "Blue Component" : 0.59215686274509804,
    "Alpha Component" : 1,
    "Green Component" : 0.20392156862745098
  },
  "Has Hotkey" : false,
  "Blinking Cursor" : true,
  "Selected Text Color (Light)" : {
    "Red Component" : 0,
    "Color Space" : "sRGB",
    "Blue Component" : 0,
    "Alpha Component" : 1,
    "Green Component" : 0
  },
  "Selected Text Color (Dark)" : {
    "Red Component" : 0.99607843137254903,
    "Color Space" : "P3",
    "Blue Component" : 1,
    "Alpha Component" : 1,
    "Green Component" : 1
  },
  "Ansi 3 Color (Dark)" : {
    "Red Component" : 0.82352941176470584,
    "Color Space" : "P3",
    "Blue Component" : 0.50196078431372548,
    "Alpha Component" : 1,
    "Green Component" : 0.70980392156862748
  },
  "Keyboard Map" : {
    "0xf728-0x0" : {
      "Action" : 11,
      "Text" : "0x4"
    },
    "0xf702-0x280000" : {
      "Action" : 10,
      "Text" : "b"
    },
    "0xf702-0x300000" : {
      "Action" : 11,
      "Text" : "0x1"
    },
    "0xf703-0x280000" : {
      "Action" : 10,
      "Text" : "f"
    },
    "0xf728-0x80000" : {
      "Action" : 10,
      "Text" : "d"
    },
    "0xf703-0x300000" : {
      "Action" : 11,
      "Text" : "0x5"
    },
    "0x7f-0x100000" : {
      "Action" : 11,
      "Text" : "0x15"
    },
    "0x7f-0x80000" : {
      "Action" : 11,
      "Text" : "0x1b 0x7f"
    }
  },
  "Visual Bell" : true,
  "Cursor Text Color" : {
    "Red Component" : 1,
    "Color Space" : "sRGB",
    "Blue Component" : 1,
    "Alpha Component" : 1,
    "Green Component" : 1
  },
  "Scrollback Lines" : 1000,
  "Selection Color (Light)" : {
    "Red Component" : 0.7686274509803922,
    "Color Space" : "P3",
    "Blue Component" : 0.7686274509803922,
    "Alpha Component" : 1,
    "Green Component" : 0.7686274509803922
  },
  "Ansi 0 Color" : {
    "Red Component" : 0.078431375324726105,
    "Color Space" : "sRGB",
    "Blue Component" : 0.11764705926179886,
    "Alpha Component" : 1,
    "Green Component" : 0.098039217293262454
  },
  "Match Background Color (Dark)" : {
    "Red Component" : 0.82352941176470584,
    "Color Space" : "P3",
    "Blue Component" : 0.50196078431372548,
    "Alpha Component" : 1,
    "Green Component" : 0.70980392156862748
  },
  "Ansi 11 Color (Light)" : {
    "Red Component" : 0.3843137254901961,
    "Color Space" : "P3",
    "Blue Component" : 0.086274509803921581,
    "Alpha Component" : 1,
    "Green Component" : 0.26666666666666666
  },
  "Ansi 5 Color (Dark)" : {
    "Red Component" : 0.792156862745098,
    "Color Space" : "P3",
    "Blue Component" : 0.87450980392156863,
    "Alpha Component" : 1,
    "Green Component" : 0.65098039215686276
  },
  "Cursor Text Color (Light)" : {
    "Red Component" : 1,
    "Color Space" : "sRGB",
    "Blue Component" : 1,
    "Alpha Component" : 1,
    "Green Component" : 1
  },
  "Silence Bell" : true,
  "Rows" : 25,
  "Guid" : "EBD6F9C8-22E0-4B48-8E86-426CE0B84DDA",
  "Ansi 14 Color (Dark)" : {
    "Red Component" : 0.60392156862745094,
    "Color Space" : "P3",
    "Blue Component" : 0.8784313725490196,
    "Alpha Component" : 1,
    "Green Component" : 0.78431372549019607
  },
  "Ansi 15 Color (Dark)" : {
    "Red Component" : 0.59607843137254901,
    "Color Space" : "sRGB",
    "Blue Component" : 0.59607843137254901,
    "Alpha Component" : 1,
    "Green Component" : 0.59607843137254901
  },
  "Ansi 0 Color (Dark)" : {
    "Red Component" : 0.18823529411764706,
    "Color Space" : "P3",
    "Blue Component" : 0.18823529411764706,
    "Alpha Component" : 1,
    "Green Component" : 0.18823529411764706
  },
  "Ambiguous Double Width" : false,
  "Option Key Sends" : 0,
  "Ansi 3 Color" : {
    "Red Component" : 0.78058648109436035,
    "Color Space" : "sRGB",
    "Blue Component" : 0,
    "Alpha Component" : 1,
    "Green Component" : 0.76959484815597534
  },
  "Window Type" : 12,
  "BM Growl" : true,
  "Prompt Before Closing 2" : false,
  "Command" : "",
  "Use Bright Bold (Light)" : false,
  "Selected Text Color" : {
    "Red Component" : 0,
    "Color Space" : "sRGB",
    "Blue Component" : 0,
    "Alpha Component" : 1,
    "Green Component" : 0
  },
  "Ansi 14 Color (Light)" : {
    "Red Component" : 0,
    "Color Space" : "P3",
    "Blue Component" : 0.46666666666666667,
    "Alpha Component" : 1,
    "Green Component" : 0.31372549019607843
  },
  "Cursor Guide Color (Dark)" : {
    "Red Component" : 1,
    "Color Space" : "sRGB",
    "Blue Component" : 1,
    "Alpha Component" : 0.25,
    "Green Component" : 1
  },
  "ASCII Ligatures" : true,
  "Send Code When Idle" : false,
  "Ansi 6 Color" : {
    "Red Component" : 0,
    "Color Space" : "sRGB",
    "Blue Component" : 0.78166204690933228,
    "Alpha Component" : 1,
    "Green Component" : 0.77425903081893921
  },
  "Jobs to Ignore" : [
    "rlogin",
    "ssh",
    "slogin",
    "telnet"
  ],
  "Badge Color (Dark)" : {
    "Red Component" : 1,
    "Color Space" : "sRGB",
    "Blue Component" : 0,
    "Alpha Component" : 0.5,
    "Green Component" : 0.1491314172744751
  },
  "Cursor Color" : {
    "Red Component" : 0,
    "Color Space" : "sRGB",
    "Blue Component" : 0,
    "Alpha Component" : 1,
    "Green Component" : 0
  },
  "Vertical Spacing" : 1,
  "Bound Hosts" : [

  ],
  "Disable Window Resizing" : true,
  "Close Sessions On End" : true,
  "Selection Color (Dark)" : {
    "Red Component" : 0.32549019607843138,
    "Color Space" : "P3",
    "Blue Component" : 0.32549019607843138,
    "Alpha Component" : 1,
    "Green Component" : 0.32549019607843138
  },
  "Default Bookmark" : "No",
  "Foreground Color (Light)" : {
    "Red Component" : 0,
    "Color Space" : "sRGB",
    "Blue Component" : 0,
    "Alpha Component" : 1,
    "Green Component" : 0
  },
  "Custom Command" : "No",
  "Background Color (Dark)" : {
    "Red Component" : 0,
    "Color Space" : "sRGB",
    "Blue Component" : 0,